MAE,RMSE,MAPE,Month 1,Month 2,Month 3
19244.485344312423,19950.0704198542,20.526431986693392,46782.479183655974,40285.470514256354,72234.20322562821
20250.771563374325,22318.406795324412,21.864596166425372,42990.56852977225,31248.279349160766,81267.00185612086
15159.044999999998,18504.982942339186,14.999102842385916,49787.22265625,29234.208984375,61258.52734375
