Model,MAE,RMSE,MAPE
XGBoost,15159.044999999998,18504.982942339186,14.999102842385916
